model,category,best_single_viewpoint_rate,fused_rate,absolute_gain
groundingdino,bathtub,1.0,1.0,0.0
groundingdino,bed,1.0,1.0,0.0
groundingdino,bookshelf,1.0,1.0,0.0
groundingdino,cabinet,1.0,1.0,0.0
groundingdino,chair,1.0,1.0,0.0
groundingdino,lamp,0.8888888888888888,1.0,0.11111111111111116
groundingdino,sofa,1.0,1.0,0.0
groundingdino,table,1.0,1.0,0.0
owlv2,bathtub,0.45,0.7,0.24999999999999994
owlv2,bed,0.5454545454545454,0.6111111111111112,0.06565656565656575
owlv2,bookshelf,0.3157894736842105,0.3684210526315789,0.05263157894736842
owlv2,cabinet,0.3333333333333333,0.4,0.06666666666666671
owlv2,chair,0.8666666666666667,0.75,-0.1166666666666667
owlv2,lamp,0.2222222222222222,0.3888888888888889,0.16666666666666669
owlv2,sofa,0.5789473684210527,0.7,0.1210526315789473
owlv2,table,0.125,0.15,0.024999999999999994
sam3,bathtub,0.5,0.7,0.19999999999999996
sam3,bed,0.8,0.7777777777777778,-0.022222222222222254
sam3,bookshelf,0.5263157894736842,0.5263157894736842,0.0
sam3,cabinet,0.6428571428571429,0.75,0.1071428571428571
sam3,chair,1.0,0.95,-0.050000000000000044
sam3,lamp,0.4444444444444444,0.5555555555555556,0.11111111111111116
sam3,sofa,0.8947368421052632,1.0,0.10526315789473684
sam3,table,0.4444444444444444,0.35,-0.09444444444444444
yoloworld,bathtub,0.1,0.2,0.1
yoloworld,bed,0.4,0.5,0.09999999999999998
yoloworld,bookshelf,0.3157894736842105,0.3684210526315789,0.05263157894736842
yoloworld,cabinet,0.4444444444444444,0.45,0.005555555555555591
yoloworld,chair,0.6111111111111112,0.7,0.0888888888888888
yoloworld,lamp,0.2222222222222222,0.3333333333333333,0.1111111111111111
yoloworld,sofa,0.5555555555555556,0.75,0.19444444444444442
yoloworld,table,0.125,0.1,-0.024999999999999994
